{"cameraMode":{"drawMode":0,"name":"Shaded","section":"Shading Mode"},"sceneLighting":true,"audioPlay":false,"sceneViewState":{"showFog":true,"showMaterialUpdate":false,"showSkybox":true,"showFlares":true,"showImageEffects":true,"showParticleSystems":true},"in2DMode":false,"pivot":{"x":964.4080810546875,"y":450.67999267578127,"z":16.2156982421875},"rotation":{"x":0.047973938286304477,"y":0.0179783646017313,"z":-0.0008633714751340449,"w":0.9986892938613892},"size":504.8071594238281,"orthographic":true}