{"cameraMode":{"drawMode":0,"name":"Shaded","section":"Shading Mode"},"sceneLighting":true,"audioPlay":false,"sceneViewState":{"showFog":true,"showMaterialUpdate":false,"showSkybox":true,"showFlares":true,"showImageEffects":true,"showParticleSystems":true},"in2DMode":false,"pivot":{"x":-3.7028422355651857,"y":-0.533233642578125,"z":2.9788990020751955},"rotation":{"x":-0.28695738315582278,"y":0.0022514176089316608,"z":-0.0008378413040190935,"w":-0.9581187963485718},"size":36.25807571411133,"orthographic":false}