{"cameraMode":{"drawMode":0,"name":"Shaded","section":"Shading Mode"},"sceneLighting":true,"audioPlay":false,"sceneViewState":{"showFog":true,"showMaterialUpdate":false,"showSkybox":true,"showFlares":true,"showImageEffects":true,"showParticleSystems":true},"in2DMode":false,"pivot":{"x":481.10693359375,"y":887.719482421875,"z":61.866943359375},"rotation":{"x":0.18640100955963136,"y":0.33287209272384646,"z":-0.06730329245328903,"w":0.9219117164611816},"size":1346.503662109375,"orthographic":false}