{"cameraMode":{"drawMode":0,"name":"Shaded","section":"Shading Mode"},"sceneLighting":true,"audioPlay":false,"sceneViewState":{"showFog":true,"showMaterialUpdate":false,"showSkybox":true,"showFlares":true,"showImageEffects":true,"showParticleSystems":true},"in2DMode":false,"pivot":{"x":-1.541881799697876,"y":4.637299537658691,"z":9.635794639587403},"rotation":{"x":0.05258797109127045,"y":0.9124544858932495,"z":-0.38631758093833926,"w":0.12421032786369324},"size":1.0703175067901612,"orthographic":false}