{"cameraMode":{"drawMode":0,"name":"Shaded","section":"Shading Mode"},"sceneLighting":false,"audioPlay":false,"sceneViewState":{"showFog":true,"showMaterialUpdate":false,"showSkybox":false,"showFlares":true,"showImageEffects":true,"showParticleSystems":true},"in2DMode":false,"pivot":{"x":-1.4854471683502198,"y":0.840958833694458,"z":1.89549720287323},"rotation":{"x":-0.18851464986801148,"y":0.5869342088699341,"z":-0.14288900792598725,"w":-0.7743238806724548},"size":2.6810715198516847,"orthographic":false}