{"cameraMode":{"drawMode":0,"name":"Shaded","section":"Shading Mode"},"sceneLighting":true,"audioPlay":false,"sceneViewState":{"showFog":true,"showMaterialUpdate":false,"showSkybox":true,"showFlares":true,"showImageEffects":true,"showParticleSystems":true},"in2DMode":false,"pivot":{"x":1.1450599431991578,"y":9.396885871887207,"z":5.689509391784668},"rotation":{"x":0.21302425861358643,"y":-0.6595859527587891,"z":0.20320472121238709,"w":0.6916689872741699},"size":5.581291675567627,"orthographic":false}