{"cameraMode":{"drawMode":0,"name":"Shaded","section":"Shading Mode"},"sceneLighting":false,"audioPlay":false,"sceneViewState":{"showFog":true,"showMaterialUpdate":false,"showSkybox":false,"showFlares":true,"showImageEffects":true,"showParticleSystems":true},"in2DMode":false,"pivot":{"x":-3.7398180961608888,"y":3.026298761367798,"z":2.1986563205718996},"rotation":{"x":0.08359372615814209,"y":0.864864706993103,"z":-0.15363676846027375,"w":0.4705718755722046},"size":2.629983425140381,"orthographic":false}