{"cameraMode":{"drawMode":0,"name":"Shaded","section":"Shading Mode"},"sceneLighting":false,"audioPlay":false,"sceneViewState":{"showFog":true,"showMaterialUpdate":false,"showSkybox":false,"showFlares":true,"showImageEffects":true,"showParticleSystems":true},"in2DMode":false,"pivot":{"x":21.957775115966798,"y":-7.709393501281738,"z":-1.8635153770446778},"rotation":{"x":0.1265832483768463,"y":0.7311351299285889,"z":-0.14123035967350007,"w":0.6553627848625183},"size":12.569934844970704,"orthographic":false}