{"cameraMode":{"drawMode":0,"name":"Shaded","section":"Shading Mode"},"sceneLighting":false,"audioPlay":false,"sceneViewState":{"showFog":true,"showMaterialUpdate":false,"showSkybox":false,"showFlares":true,"showImageEffects":true,"showParticleSystems":true},"in2DMode":false,"pivot":{"x":-55.93232345581055,"y":9.495514869689942,"z":-14.567513465881348},"rotation":{"x":0.14198660850524903,"y":-0.6939110159873962,"z":0.14244499802589417,"w":0.6914318203926086},"size":0.4277886748313904,"orthographic":false}