{"cameraMode":{"drawMode":0,"name":"Shaded","section":"Shading Mode"},"sceneLighting":true,"audioPlay":false,"sceneViewState":{"showFog":true,"showMaterialUpdate":false,"showSkybox":true,"showFlares":true,"showImageEffects":true,"showParticleSystems":true},"in2DMode":false,"pivot":{"x":14.031059265136719,"y":-7.762465476989746,"z":-1.5196623802185059},"rotation":{"x":0.1780383437871933,"y":0.699926495552063,"z":-0.18721336126327516,"w":0.6659036874771118},"size":10.0,"orthographic":false}