{"cameraMode":{"drawMode":0,"name":"Shaded","section":"Shading Mode"},"sceneLighting":true,"audioPlay":false,"sceneViewState":{"showFog":true,"showMaterialUpdate":false,"showSkybox":true,"showFlares":true,"showImageEffects":true,"showParticleSystems":true},"in2DMode":false,"pivot":{"x":963.2412109375,"y":339.7570495605469,"z":0.0},"rotation":{"x":0.047973938286304477,"y":0.0179783646017313,"z":-0.0008633714751340449,"w":0.9986892938613892},"size":360.8704528808594,"orthographic":true}