{"cameraMode":{"drawMode":0,"name":"Shaded","section":"Shading Mode"},"sceneLighting":true,"audioPlay":false,"sceneViewState":{"showFog":true,"showMaterialUpdate":false,"showSkybox":true,"showFlares":true,"showImageEffects":true,"showParticleSystems":true},"in2DMode":false,"pivot":{"x":0.5069561004638672,"y":3.5792174339294435,"z":-2.4412100315093996},"rotation":{"x":0.21075662970542909,"y":-0.07585307955741883,"z":0.016408199444413186,"w":0.9744590520858765},"size":1.2247449159622193,"orthographic":false}