{"cameraMode":{"drawMode":0,"name":"Shaded","section":"Shading Mode"},"sceneLighting":false,"audioPlay":false,"sceneViewState":{"showFog":true,"showMaterialUpdate":false,"showSkybox":false,"showFlares":true,"showImageEffects":true,"showParticleSystems":true},"in2DMode":false,"pivot":{"x":924.7695922851563,"y":907.0557250976563,"z":-934.6900024414063},"rotation":{"x":0.17490579187870027,"y":-0.000006252755611058092,"z":-0.000001440474306946271,"w":0.9845941662788391},"size":44.521446228027347,"orthographic":false}