{"cameraMode":{"drawMode":0,"name":"Shaded","section":"Shading Mode"},"sceneLighting":true,"audioPlay":false,"sceneViewState":{"showFog":true,"showMaterialUpdate":false,"showSkybox":true,"showFlares":true,"showImageEffects":true,"showParticleSystems":true},"in2DMode":false,"pivot":{"x":-1.2771544456481934,"y":3.7829394340515138,"z":0.5216360092163086},"rotation":{"x":0.23435434699058534,"y":-0.6538158059120178,"z":0.22382813692092896,"w":0.6838577389717102},"size":31.620403289794923,"orthographic":false}