{"cameraMode":{"drawMode":0,"name":"Shaded","section":"Shading Mode"},"sceneLighting":false,"audioPlay":false,"sceneViewState":{"showFog":true,"showMaterialUpdate":false,"showSkybox":false,"showFlares":true,"showImageEffects":true,"showParticleSystems":true},"in2DMode":false,"pivot":{"x":-60.211246490478519,"y":10.609779357910157,"z":-21.865894317626954},"rotation":{"x":0.38708269596099856,"y":-0.01411568745970726,"z":0.005937953479588032,"w":0.9219556450843811},"size":2.406766653060913,"orthographic":false}