{"cameraMode":{"drawMode":0,"name":"Shaded","section":"Shading Mode"},"sceneLighting":false,"audioPlay":false,"sceneViewState":{"showFog":true,"showMaterialUpdate":false,"showSkybox":false,"showFlares":true,"showImageEffects":true,"showParticleSystems":true},"in2DMode":false,"pivot":{"x":-57.009281158447269,"y":9.620662689208985,"z":-16.155122756958009},"rotation":{"x":0.17066970467567445,"y":0.5839018821716309,"z":-0.1272038072347641,"w":0.7834224104881287},"size":0.9808679819107056,"orthographic":false}