{"cameraMode":{"drawMode":0,"name":"Shaded","section":"Shading Mode"},"sceneLighting":false,"audioPlay":false,"sceneViewState":{"showFog":true,"showMaterialUpdate":false,"showSkybox":false,"showFlares":true,"showImageEffects":true,"showParticleSystems":true},"in2DMode":false,"pivot":{"x":-56.968528747558597,"y":9.319782257080079,"z":-16.017826080322267},"rotation":{"x":0.25177720189094546,"y":0.5444303750991821,"z":-0.17559729516506196,"w":0.7806219458580017},"size":0.12008585780858994,"orthographic":false}