{"cameraMode":{"drawMode":0,"name":"Shaded","section":"Shading Mode"},"sceneLighting":false,"audioPlay":false,"sceneViewState":{"showFog":true,"showMaterialUpdate":false,"showSkybox":false,"showFlares":true,"showImageEffects":true,"showParticleSystems":true},"in2DMode":false,"pivot":{"x":-51.650630950927737,"y":9.456953048706055,"z":-21.656620025634767},"rotation":{"x":0.09637614339590073,"y":0.8970997333526611,"z":-0.2424943596124649,"w":0.3565412759780884},"size":0.30713358521461489,"orthographic":false}